Id,Prediction
1,4.214285714285714
2,4.214285714285714
3,4.214285714285714
